Id,Category
painting000.jpg,Vincent_van_Gogh
painting001.jpg,Pablo_Picasso
painting002.jpg,Albrecht_Du_rer
painting003.jpg,Pablo_Picasso
painting004.jpg,Vincent_van_Gogh
painting005.jpg,Pablo_Picasso
painting006.jpg,Leonardo_da_Vinci
painting007.jpg,Edgar_Degas
painting008.jpg,Rembrandt
painting009.jpg,Edgar_Degas
painting010.jpg,Francisco_Goya
painting011.jpg,Edgar_Degas
painting012.jpg,Claude_Monet
painting013.jpg,Rembrandt
painting014.jpg,Pablo_Picasso
painting015.jpg,Vincent_van_Gogh
painting016.jpg,Rembrandt
painting017.jpg,Edgar_Degas
painting018.jpg,Vincent_van_Gogh
painting019.jpg,Albrecht_Du_rer
painting020.jpg,Edgar_Degas
painting021.jpg,Edgar_Degas
painting022.jpg,Pablo_Picasso
painting023.jpg,Vincent_van_Gogh
painting024.jpg,Edgar_Degas
painting025.jpg,Edgar_Degas
painting026.jpg,Claude_Monet
painting027.jpg,Andy_Warhol
painting028.jpg,Marc_Chagall
painting029.jpg,Vincent_van_Gogh
painting030.jpg,Vincent_van_Gogh
painting031.jpg,Albrecht_Du_rer
painting032.jpg,Vincent_van_Gogh
painting033.jpg,Edgar_Degas
painting034.jpg,Joan_Miro
painting035.jpg,Francisco_Goya
painting036.jpg,Vincent_van_Gogh
painting037.jpg,Pablo_Picasso
painting038.jpg,Marc_Chagall
painting039.jpg,Pierre-Auguste_Renoir
painting040.jpg,Albrecht_Du_rer
painting041.jpg,Vincent_van_Gogh
painting042.jpg,Marc_Chagall
painting043.jpg,Rembrandt
painting044.jpg,Vincent_van_Gogh
painting045.jpg,Marc_Chagall
painting046.jpg,Albrecht_Du_rer
painting047.jpg,Albrecht_Du_rer
painting048.jpg,Edgar_Degas
painting049.jpg,Rembrandt
painting050.jpg,Pablo_Picasso
painting051.jpg,Andy_Warhol
painting052.jpg,Marc_Chagall
painting053.jpg,Leonardo_da_Vinci
painting054.jpg,Edgar_Degas
painting055.jpg,Joan_Miro
painting056.jpg,Edgar_Degas
painting057.jpg,Vincent_van_Gogh
painting058.jpg,Marc_Chagall
painting059.jpg,Rembrandt
painting060.jpg,Edgar_Degas
painting061.jpg,Andy_Warhol
painting062.jpg,Joan_Miro
painting063.jpg,Pablo_Picasso
painting064.jpg,Pablo_Picasso
painting065.jpg,Francisco_Goya
painting066.jpg,Edgar_Degas
painting067.jpg,Edouard_Manet
painting068.jpg,Edgar_Degas
painting069.jpg,Edgar_Degas
painting070.jpg,Joan_Miro
painting071.jpg,Edgar_Degas
painting072.jpg,Vincent_van_Gogh
painting073.jpg,Vincent_van_Gogh
painting074.jpg,Albrecht_Du_rer
painting075.jpg,Marc_Chagall
painting076.jpg,Rembrandt
painting077.jpg,Pierre-Auguste_Renoir
painting078.jpg,Rembrandt
painting079.jpg,Andy_Warhol
painting080.jpg,Vincent_van_Gogh
painting081.jpg,Vincent_van_Gogh
painting082.jpg,Edgar_Degas
painting083.jpg,Edgar_Degas
painting084.jpg,Rembrandt
painting085.jpg,Vincent_van_Gogh
painting086.jpg,Vincent_van_Gogh
painting087.jpg,Francisco_Goya
painting088.jpg,Edgar_Degas
painting089.jpg,Edgar_Degas
painting090.jpg,Piet_Mondrian
painting091.jpg,Albrecht_Du_rer
painting092.jpg,Marc_Chagall
painting093.jpg,Andy_Warhol
painting094.jpg,Andy_Warhol
painting095.jpg,Pablo_Picasso
painting096.jpg,Pablo_Picasso
painting097.jpg,Edgar_Degas
painting098.jpg,Vincent_van_Gogh
painting099.jpg,Pierre-Auguste_Renoir
painting100.jpg,Edgar_Degas
painting101.jpg,Francisco_Goya
painting102.jpg,Marc_Chagall
painting103.jpg,Edgar_Degas
painting104.jpg,Marc_Chagall
painting105.jpg,Vincent_van_Gogh
painting106.jpg,Claude_Monet
painting107.jpg,Pierre-Auguste_Renoir
painting108.jpg,Francisco_Goya
painting109.jpg,Francisco_Goya
painting110.jpg,Edgar_Degas
painting111.jpg,Albrecht_Du_rer
painting112.jpg,Albrecht_Du_rer
painting113.jpg,Edgar_Degas
painting114.jpg,Pablo_Picasso
painting115.jpg,Edgar_Degas
painting116.jpg,Edgar_Degas
painting117.jpg,Albrecht_Du_rer
painting118.jpg,Marc_Chagall
painting119.jpg,Edgar_Degas
painting120.jpg,Pierre-Auguste_Renoir
painting121.jpg,Vincent_van_Gogh
painting122.jpg,Edgar_Degas
painting123.jpg,Albrecht_Du_rer
painting124.jpg,Claude_Monet
painting125.jpg,Andy_Warhol
painting126.jpg,Marc_Chagall
painting127.jpg,Vincent_van_Gogh
painting128.jpg,Vincent_van_Gogh
painting129.jpg,Vincent_van_Gogh
painting130.jpg,Francisco_Goya
painting131.jpg,Pablo_Picasso
painting132.jpg,Andy_Warhol
painting133.jpg,Pierre-Auguste_Renoir
painting134.jpg,Vincent_van_Gogh
painting135.jpg,Leonardo_da_Vinci
painting136.jpg,Vincent_van_Gogh
painting137.jpg,Vincent_van_Gogh
painting138.jpg,Edouard_Manet
painting139.jpg,Pierre-Auguste_Renoir
painting140.jpg,Albrecht_Du_rer
painting141.jpg,Leonardo_da_Vinci
painting142.jpg,Pablo_Picasso
painting143.jpg,Vincent_van_Gogh
painting144.jpg,Vincent_van_Gogh
painting145.jpg,Vincent_van_Gogh
painting146.jpg,Edgar_Degas
painting147.jpg,Piet_Mondrian
painting148.jpg,Albrecht_Du_rer
painting149.jpg,Edouard_Manet
painting150.jpg,Vincent_van_Gogh
painting151.jpg,Vincent_van_Gogh
painting152.jpg,Andy_Warhol
painting153.jpg,Pablo_Picasso
painting154.jpg,Rembrandt
painting155.jpg,Rembrandt
painting156.jpg,Vincent_van_Gogh
painting157.jpg,Pierre-Auguste_Renoir
painting158.jpg,Pablo_Picasso
painting159.jpg,Vincent_van_Gogh
painting160.jpg,Vincent_van_Gogh
painting161.jpg,Vincent_van_Gogh
painting162.jpg,Pablo_Picasso
painting163.jpg,Albrecht_Du_rer
painting164.jpg,Pablo_Picasso
painting165.jpg,Andy_Warhol
painting166.jpg,Piet_Mondrian
painting167.jpg,Joan_Miro
painting168.jpg,Vincent_van_Gogh
painting169.jpg,Leonardo_da_Vinci
painting170.jpg,Rembrandt
painting171.jpg,Albrecht_Du_rer
painting172.jpg,Edgar_Degas
painting173.jpg,Francisco_Goya
painting174.jpg,Vincent_van_Gogh
painting175.jpg,Pablo_Picasso
painting176.jpg,Edgar_Degas
painting177.jpg,Marc_Chagall
painting178.jpg,Francisco_Goya
painting179.jpg,Vincent_van_Gogh
painting180.jpg,Edgar_Degas
painting181.jpg,Vincent_van_Gogh
painting182.jpg,Marc_Chagall
painting183.jpg,Leonardo_da_Vinci
painting184.jpg,Vincent_van_Gogh
painting185.jpg,Vincent_van_Gogh
painting186.jpg,Edgar_Degas
painting187.jpg,Claude_Monet
painting188.jpg,Vincent_van_Gogh
painting189.jpg,Vincent_van_Gogh
painting190.jpg,Marc_Chagall
painting191.jpg,Marc_Chagall
painting192.jpg,Joan_Miro
painting193.jpg,Rembrandt
painting194.jpg,Edgar_Degas
painting195.jpg,Leonardo_da_Vinci
painting196.jpg,Pierre-Auguste_Renoir
painting197.jpg,Rembrandt
painting198.jpg,Edgar_Degas
painting199.jpg,Pierre-Auguste_Renoir
painting200.jpg,Marc_Chagall
painting201.jpg,Pablo_Picasso
painting202.jpg,Vincent_van_Gogh
painting203.jpg,Pablo_Picasso
painting204.jpg,Vincent_van_Gogh
painting205.jpg,Vincent_van_Gogh
painting206.jpg,Vincent_van_Gogh
painting207.jpg,Marc_Chagall
painting208.jpg,Vincent_van_Gogh
painting209.jpg,Marc_Chagall
painting210.jpg,Rembrandt
painting211.jpg,Albrecht_Du_rer
painting212.jpg,Vincent_van_Gogh
painting213.jpg,Pablo_Picasso
painting214.jpg,Pierre-Auguste_Renoir
painting215.jpg,Edgar_Degas
painting216.jpg,Vincent_van_Gogh
painting217.jpg,Edgar_Degas
painting218.jpg,Albrecht_Du_rer
painting219.jpg,Albrecht_Du_rer
painting220.jpg,Pablo_Picasso
painting221.jpg,Albrecht_Du_rer
painting222.jpg,Albrecht_Du_rer
painting223.jpg,Vincent_van_Gogh
painting224.jpg,Francisco_Goya
painting225.jpg,Vincent_van_Gogh
painting226.jpg,Marc_Chagall
painting227.jpg,Edgar_Degas
painting228.jpg,Pablo_Picasso
painting229.jpg,Francisco_Goya
painting230.jpg,Piet_Mondrian
painting231.jpg,Andy_Warhol
painting232.jpg,Vincent_van_Gogh
painting233.jpg,Pablo_Picasso
painting234.jpg,Marc_Chagall
painting235.jpg,Albrecht_Du_rer
painting236.jpg,Vincent_van_Gogh
painting237.jpg,Edgar_Degas
painting238.jpg,Vincent_van_Gogh
painting239.jpg,Pablo_Picasso
painting240.jpg,Pablo_Picasso
painting241.jpg,Pierre-Auguste_Renoir
painting242.jpg,Andy_Warhol
painting243.jpg,Marc_Chagall
painting244.jpg,Leonardo_da_Vinci
painting245.jpg,Andy_Warhol
painting246.jpg,Rembrandt
painting247.jpg,Vincent_van_Gogh
painting248.jpg,Francisco_Goya
painting249.jpg,Vincent_van_Gogh
painting250.jpg,Pierre-Auguste_Renoir
painting251.jpg,Pablo_Picasso
painting252.jpg,Vincent_van_Gogh
painting253.jpg,Vincent_van_Gogh
painting254.jpg,Pierre-Auguste_Renoir
painting255.jpg,Albrecht_Du_rer
painting256.jpg,Vincent_van_Gogh
painting257.jpg,Edgar_Degas
painting258.jpg,Pierre-Auguste_Renoir
painting259.jpg,Andy_Warhol
painting260.jpg,Vincent_van_Gogh
painting261.jpg,Pablo_Picasso
painting262.jpg,Albrecht_Du_rer
painting263.jpg,Francisco_Goya
painting264.jpg,Vincent_van_Gogh
painting265.jpg,Edgar_Degas
painting266.jpg,Pablo_Picasso
painting267.jpg,Vincent_van_Gogh
painting268.jpg,Vincent_van_Gogh
painting269.jpg,Pablo_Picasso
painting270.jpg,Pierre-Auguste_Renoir
painting271.jpg,Andy_Warhol
painting272.jpg,Rembrandt
painting273.jpg,Edgar_Degas
painting274.jpg,Vincent_van_Gogh
painting275.jpg,Pierre-Auguste_Renoir
painting276.jpg,Pablo_Picasso
painting277.jpg,Edgar_Degas
painting278.jpg,Pierre-Auguste_Renoir
painting279.jpg,Vincent_van_Gogh
painting280.jpg,Leonardo_da_Vinci
painting281.jpg,Rembrandt
painting282.jpg,Albrecht_Du_rer
painting283.jpg,Vincent_van_Gogh
painting284.jpg,Andy_Warhol
painting285.jpg,Francisco_Goya
painting286.jpg,Pierre-Auguste_Renoir
painting287.jpg,Pierre-Auguste_Renoir
painting288.jpg,Pablo_Picasso
painting289.jpg,Edgar_Degas
painting290.jpg,Vincent_van_Gogh
painting291.jpg,Marc_Chagall
painting292.jpg,Vincent_van_Gogh
painting293.jpg,Edgar_Degas
painting294.jpg,Pablo_Picasso
painting295.jpg,Rembrandt
painting296.jpg,Pierre-Auguste_Renoir
painting297.jpg,Pablo_Picasso
painting298.jpg,Vincent_van_Gogh
painting299.jpg,Rembrandt
painting300.jpg,Edgar_Degas
painting301.jpg,Rembrandt
painting302.jpg,Edgar_Degas
painting303.jpg,Albrecht_Du_rer
painting304.jpg,Albrecht_Du_rer
painting305.jpg,Vincent_van_Gogh
painting306.jpg,Pierre-Auguste_Renoir
painting307.jpg,Vincent_van_Gogh
painting308.jpg,Pierre-Auguste_Renoir
painting309.jpg,Pablo_Picasso
painting310.jpg,Vincent_van_Gogh
painting311.jpg,Marc_Chagall
painting312.jpg,Vincent_van_Gogh
painting313.jpg,Rembrandt
painting314.jpg,Francisco_Goya
painting315.jpg,Edgar_Degas
painting316.jpg,Vincent_van_Gogh
painting317.jpg,Pierre-Auguste_Renoir
painting318.jpg,Edouard_Manet
painting319.jpg,Rembrandt
painting320.jpg,Andy_Warhol
painting321.jpg,Vincent_van_Gogh
painting322.jpg,Albrecht_Du_rer
painting323.jpg,Rembrandt
painting324.jpg,Francisco_Goya
painting325.jpg,Albrecht_Du_rer
painting326.jpg,Pablo_Picasso
painting327.jpg,Vincent_van_Gogh
painting328.jpg,Pablo_Picasso
painting329.jpg,Albrecht_Du_rer
painting330.jpg,Vincent_van_Gogh
painting331.jpg,Albrecht_Du_rer
painting332.jpg,Pierre-Auguste_Renoir
painting333.jpg,Pierre-Auguste_Renoir
painting334.jpg,Vincent_van_Gogh
painting335.jpg,Pierre-Auguste_Renoir
painting336.jpg,Vincent_van_Gogh
painting337.jpg,Piet_Mondrian
painting338.jpg,Edgar_Degas
painting339.jpg,Pablo_Picasso
painting340.jpg,Albrecht_Du_rer
painting341.jpg,Pierre-Auguste_Renoir
painting342.jpg,Vincent_van_Gogh
painting343.jpg,Jackson_Pollock
painting344.jpg,Vincent_van_Gogh
painting345.jpg,Leonardo_da_Vinci
painting346.jpg,Francisco_Goya
painting347.jpg,Edgar_Degas
painting348.jpg,Albrecht_Du_rer
painting349.jpg,Edgar_Degas
painting350.jpg,Leonardo_da_Vinci
painting351.jpg,Vincent_van_Gogh
painting352.jpg,Vincent_van_Gogh
painting353.jpg,Francisco_Goya
painting354.jpg,Joan_Miro
painting355.jpg,Edgar_Degas
painting356.jpg,Pierre-Auguste_Renoir
painting357.jpg,Vincent_van_Gogh
painting358.jpg,Edgar_Degas
painting359.jpg,Rembrandt
painting360.jpg,Edgar_Degas
painting361.jpg,Francisco_Goya
painting362.jpg,Edgar_Degas
painting363.jpg,Marc_Chagall
painting364.jpg,Edouard_Manet
painting365.jpg,Vincent_van_Gogh
painting366.jpg,Vincent_van_Gogh
painting367.jpg,Francisco_Goya
painting368.jpg,Vincent_van_Gogh
painting369.jpg,Edgar_Degas
painting370.jpg,Rembrandt
painting371.jpg,Rembrandt
painting372.jpg,Albrecht_Du_rer
painting373.jpg,Pablo_Picasso
painting374.jpg,Vincent_van_Gogh
painting375.jpg,Vincent_van_Gogh
painting376.jpg,Vincent_van_Gogh
painting377.jpg,Edgar_Degas
painting378.jpg,Vincent_van_Gogh
painting379.jpg,Edgar_Degas
painting380.jpg,Vincent_van_Gogh
painting381.jpg,Andy_Warhol
painting382.jpg,Vincent_van_Gogh
painting383.jpg,Marc_Chagall
painting384.jpg,Pierre-Auguste_Renoir
painting385.jpg,Francisco_Goya
painting386.jpg,Albrecht_Du_rer
painting387.jpg,Edgar_Degas
painting388.jpg,Albrecht_Du_rer
painting389.jpg,Albrecht_Du_rer
painting390.jpg,Andy_Warhol
painting391.jpg,Marc_Chagall
painting392.jpg,Vincent_van_Gogh
painting393.jpg,Vincent_van_Gogh
painting394.jpg,Francisco_Goya
painting395.jpg,Pablo_Picasso
painting396.jpg,Andy_Warhol
painting397.jpg,Edouard_Manet
painting398.jpg,Pablo_Picasso
painting399.jpg,Leonardo_da_Vinci
painting400.jpg,Vincent_van_Gogh
painting401.jpg,Edouard_Manet
painting402.jpg,Rembrandt
painting403.jpg,Vincent_van_Gogh
painting404.jpg,Vincent_van_Gogh
painting405.jpg,Pierre-Auguste_Renoir
painting406.jpg,Pablo_Picasso
painting407.jpg,Vincent_van_Gogh
painting408.jpg,Vincent_van_Gogh
painting409.jpg,Edgar_Degas
painting410.jpg,Pablo_Picasso
painting411.jpg,Francisco_Goya
painting412.jpg,Francisco_Goya
painting413.jpg,Jackson_Pollock
painting414.jpg,Edgar_Degas
painting415.jpg,Pablo_Picasso
painting416.jpg,Pablo_Picasso
painting417.jpg,Pablo_Picasso
painting418.jpg,Marc_Chagall
painting419.jpg,Edouard_Manet
painting420.jpg,Leonardo_da_Vinci
painting421.jpg,Pablo_Picasso
painting422.jpg,Vincent_van_Gogh
painting423.jpg,Pablo_Picasso
painting424.jpg,Pablo_Picasso
painting425.jpg,Vincent_van_Gogh
painting426.jpg,Vincent_van_Gogh
painting427.jpg,Andy_Warhol
painting428.jpg,Vincent_van_Gogh
painting429.jpg,Vincent_van_Gogh
painting430.jpg,Vincent_van_Gogh
painting431.jpg,Vincent_van_Gogh
painting432.jpg,Vincent_van_Gogh
painting433.jpg,Francisco_Goya
painting434.jpg,Vincent_van_Gogh
painting435.jpg,Edgar_Degas
painting436.jpg,Pablo_Picasso
painting437.jpg,Edgar_Degas
painting438.jpg,Francisco_Goya
painting439.jpg,Pierre-Auguste_Renoir
painting440.jpg,Francisco_Goya
painting441.jpg,Leonardo_da_Vinci
painting442.jpg,Claude_Monet
painting443.jpg,Pablo_Picasso
painting444.jpg,Rembrandt
painting445.jpg,Vincent_van_Gogh
painting446.jpg,Andy_Warhol
painting447.jpg,Francisco_Goya
painting448.jpg,Vincent_van_Gogh
painting449.jpg,Vincent_van_Gogh
painting450.jpg,Marc_Chagall
painting451.jpg,Edgar_Degas
painting452.jpg,Pierre-Auguste_Renoir
painting453.jpg,Pablo_Picasso
painting454.jpg,Pablo_Picasso
painting455.jpg,Edgar_Degas
painting456.jpg,Albrecht_Du_rer
painting457.jpg,Edgar_Degas
painting458.jpg,Joan_Miro
painting459.jpg,Joan_Miro
painting460.jpg,Albrecht_Du_rer
painting461.jpg,Rembrandt
painting462.jpg,Andy_Warhol
painting463.jpg,Vincent_van_Gogh
painting464.jpg,Andy_Warhol
painting465.jpg,Pablo_Picasso
painting466.jpg,Pablo_Picasso
painting467.jpg,Albrecht_Du_rer
painting468.jpg,Pablo_Picasso
painting469.jpg,Rembrandt
painting470.jpg,Albrecht_Du_rer
painting471.jpg,Francisco_Goya
painting472.jpg,Pablo_Picasso
painting473.jpg,Pierre-Auguste_Renoir
painting474.jpg,Rembrandt
painting475.jpg,Pablo_Picasso
painting476.jpg,Pierre-Auguste_Renoir
painting477.jpg,Pierre-Auguste_Renoir
painting478.jpg,Andy_Warhol
painting479.jpg,Marc_Chagall
painting480.jpg,Albrecht_Du_rer
painting481.jpg,Edgar_Degas
painting482.jpg,Pierre-Auguste_Renoir
painting483.jpg,Albrecht_Du_rer
painting484.jpg,Vincent_van_Gogh
painting485.jpg,Pablo_Picasso
painting486.jpg,Francisco_Goya
painting487.jpg,Rembrandt
painting488.jpg,Edgar_Degas
painting489.jpg,Vincent_van_Gogh
painting490.jpg,Piet_Mondrian
painting491.jpg,Edgar_Degas
painting492.jpg,Albrecht_Du_rer
painting493.jpg,Pierre-Auguste_Renoir
painting494.jpg,Rembrandt
painting495.jpg,Edgar_Degas
painting496.jpg,Francisco_Goya
painting497.jpg,Albrecht_Du_rer
painting498.jpg,Rembrandt
painting499.jpg,Pierre-Auguste_Renoir
painting500.jpg,Claude_Monet
painting501.jpg,Vincent_van_Gogh
painting502.jpg,Andy_Warhol
painting503.jpg,Edgar_Degas
painting504.jpg,Edgar_Degas
painting505.jpg,Joan_Miro
painting506.jpg,Vincent_van_Gogh
painting507.jpg,Vincent_van_Gogh
painting508.jpg,Edgar_Degas
painting509.jpg,Andy_Warhol
painting510.jpg,Pierre-Auguste_Renoir
painting511.jpg,Vincent_van_Gogh
painting512.jpg,Pablo_Picasso
painting513.jpg,Edgar_Degas
painting514.jpg,Edgar_Degas
painting515.jpg,Vincent_van_Gogh
painting516.jpg,Vincent_van_Gogh
painting517.jpg,Pablo_Picasso
painting518.jpg,Vincent_van_Gogh
painting519.jpg,Rembrandt
painting520.jpg,Marc_Chagall
painting521.jpg,Vincent_van_Gogh
painting522.jpg,Vincent_van_Gogh
painting523.jpg,Pablo_Picasso
painting524.jpg,Vincent_van_Gogh
painting525.jpg,Rembrandt
painting526.jpg,Claude_Monet
painting527.jpg,Francisco_Goya
painting528.jpg,Leonardo_da_Vinci
painting529.jpg,Francisco_Goya
painting530.jpg,Albrecht_Du_rer
painting531.jpg,Edgar_Degas
painting532.jpg,Pierre-Auguste_Renoir
painting533.jpg,Edgar_Degas
painting534.jpg,Edgar_Degas
painting535.jpg,Vincent_van_Gogh
painting536.jpg,Andy_Warhol
painting537.jpg,Marc_Chagall
painting538.jpg,Francisco_Goya
painting539.jpg,Rembrandt
painting540.jpg,Albrecht_Du_rer
painting541.jpg,Pablo_Picasso
painting542.jpg,Pablo_Picasso
painting543.jpg,Francisco_Goya
painting544.jpg,Edgar_Degas
painting545.jpg,Edgar_Degas
painting546.jpg,Edgar_Degas
painting547.jpg,Rembrandt
painting548.jpg,Edgar_Degas
painting549.jpg,Joan_Miro
painting550.jpg,Vincent_van_Gogh
painting551.jpg,Andy_Warhol
painting552.jpg,Edgar_Degas
painting553.jpg,Edgar_Degas
painting554.jpg,Pablo_Picasso
painting555.jpg,Vincent_van_Gogh
painting556.jpg,Rembrandt
painting557.jpg,Edgar_Degas
painting558.jpg,Vincent_van_Gogh
painting559.jpg,Andy_Warhol
painting560.jpg,Francisco_Goya
painting561.jpg,Edgar_Degas
painting562.jpg,Edgar_Degas
painting563.jpg,Andy_Warhol
painting564.jpg,Edgar_Degas
painting565.jpg,Marc_Chagall
painting566.jpg,Pierre-Auguste_Renoir
painting567.jpg,Edgar_Degas
painting568.jpg,Pierre-Auguste_Renoir
painting569.jpg,Leonardo_da_Vinci
painting570.jpg,Rembrandt
painting571.jpg,Albrecht_Du_rer
painting572.jpg,Pierre-Auguste_Renoir
painting573.jpg,Pablo_Picasso
painting574.jpg,Rembrandt
painting575.jpg,Edgar_Degas
painting576.jpg,Pierre-Auguste_Renoir
painting577.jpg,Edouard_Manet
painting578.jpg,Pablo_Picasso
painting579.jpg,Vincent_van_Gogh
painting580.jpg,Pierre-Auguste_Renoir
painting581.jpg,Vincent_van_Gogh
painting582.jpg,Andy_Warhol
painting583.jpg,Albrecht_Du_rer
painting584.jpg,Andy_Warhol
painting585.jpg,Vincent_van_Gogh
painting586.jpg,Edgar_Degas
painting587.jpg,Vincent_van_Gogh
painting588.jpg,Vincent_van_Gogh
painting589.jpg,Vincent_van_Gogh
painting590.jpg,Edgar_Degas
painting591.jpg,Edgar_Degas
painting592.jpg,Albrecht_Du_rer
painting593.jpg,Marc_Chagall
painting594.jpg,Vincent_van_Gogh
painting595.jpg,Vincent_van_Gogh
painting596.jpg,Edgar_Degas
painting597.jpg,Francisco_Goya
painting598.jpg,Edgar_Degas
painting599.jpg,Edouard_Manet
painting600.jpg,Vincent_van_Gogh
painting601.jpg,Edgar_Degas
painting602.jpg,Edgar_Degas
painting603.jpg,Vincent_van_Gogh
painting604.jpg,Vincent_van_Gogh
painting605.jpg,Edgar_Degas
painting606.jpg,Pierre-Auguste_Renoir
painting607.jpg,Edgar_Degas
painting608.jpg,Vincent_van_Gogh
painting609.jpg,Francisco_Goya
painting610.jpg,Marc_Chagall
painting611.jpg,Edgar_Degas
painting612.jpg,Marc_Chagall
painting613.jpg,Pablo_Picasso
painting614.jpg,Vincent_van_Gogh
painting615.jpg,Pierre-Auguste_Renoir
painting616.jpg,Edgar_Degas
painting617.jpg,Vincent_van_Gogh
painting618.jpg,Joan_Miro
painting619.jpg,Pablo_Picasso
painting620.jpg,Jackson_Pollock
painting621.jpg,Andy_Warhol
painting622.jpg,Albrecht_Du_rer
painting623.jpg,Edgar_Degas
painting624.jpg,Vincent_van_Gogh
painting625.jpg,Joan_Miro
painting626.jpg,Albrecht_Du_rer
painting627.jpg,Edgar_Degas
painting628.jpg,Pablo_Picasso
painting629.jpg,Pablo_Picasso
painting630.jpg,Vincent_van_Gogh
painting631.jpg,Edgar_Degas
painting632.jpg,Edgar_Degas
painting633.jpg,Claude_Monet
painting634.jpg,Vincent_van_Gogh
painting635.jpg,Edgar_Degas
painting636.jpg,Pierre-Auguste_Renoir
painting637.jpg,Albrecht_Du_rer
painting638.jpg,Andy_Warhol
painting639.jpg,Pablo_Picasso
painting640.jpg,Albrecht_Du_rer
painting641.jpg,Vincent_van_Gogh
painting642.jpg,Pierre-Auguste_Renoir
painting643.jpg,Pablo_Picasso
painting644.jpg,Edgar_Degas
painting645.jpg,Vincent_van_Gogh
painting646.jpg,Vincent_van_Gogh
painting647.jpg,Rembrandt
painting648.jpg,Edgar_Degas
painting649.jpg,Vincent_van_Gogh
painting650.jpg,Vincent_van_Gogh
painting651.jpg,Vincent_van_Gogh
painting652.jpg,Edgar_Degas
painting653.jpg,Albrecht_Du_rer
painting654.jpg,Francisco_Goya
painting655.jpg,Vincent_van_Gogh
painting656.jpg,Vincent_van_Gogh
painting657.jpg,Pierre-Auguste_Renoir
painting658.jpg,Edgar_Degas
painting659.jpg,Rembrandt
painting660.jpg,Francisco_Goya
painting661.jpg,Francisco_Goya
painting662.jpg,Albrecht_Du_rer
painting663.jpg,Pablo_Picasso
painting664.jpg,Edgar_Degas
painting665.jpg,Vincent_van_Gogh
painting666.jpg,Rembrandt
painting667.jpg,Joan_Miro
painting668.jpg,Francisco_Goya
painting669.jpg,Vincent_van_Gogh
painting670.jpg,Leonardo_da_Vinci
painting671.jpg,Edgar_Degas
painting672.jpg,Pierre-Auguste_Renoir
painting673.jpg,Marc_Chagall
painting674.jpg,Pablo_Picasso
painting675.jpg,Francisco_Goya
painting676.jpg,Edouard_Manet
painting677.jpg,Rembrandt
painting678.jpg,Pablo_Picasso
painting679.jpg,Vincent_van_Gogh
painting680.jpg,Edgar_Degas
painting681.jpg,Albrecht_Du_rer
painting682.jpg,Edgar_Degas
painting683.jpg,Edgar_Degas
painting684.jpg,Vincent_van_Gogh
painting685.jpg,Rembrandt
painting686.jpg,Rembrandt
painting687.jpg,Edgar_Degas
painting688.jpg,Edgar_Degas
painting689.jpg,Leonardo_da_Vinci
painting690.jpg,Rembrandt
painting691.jpg,Pierre-Auguste_Renoir
painting692.jpg,Albrecht_Du_rer
painting693.jpg,Edgar_Degas
painting694.jpg,Albrecht_Du_rer
painting695.jpg,Joan_Miro
painting696.jpg,Pierre-Auguste_Renoir
painting697.jpg,Marc_Chagall
painting698.jpg,Andy_Warhol
painting699.jpg,Pablo_Picasso
painting700.jpg,Pablo_Picasso
painting701.jpg,Albrecht_Du_rer
painting702.jpg,Francisco_Goya
painting703.jpg,Rembrandt
painting704.jpg,Pablo_Picasso
painting705.jpg,Edgar_Degas
painting706.jpg,Edgar_Degas
painting707.jpg,Joan_Miro
painting708.jpg,Vincent_van_Gogh
painting709.jpg,Claude_Monet
painting710.jpg,Edouard_Manet
painting711.jpg,Vincent_van_Gogh
painting712.jpg,Albrecht_Du_rer
painting713.jpg,Vincent_van_Gogh
painting714.jpg,Pablo_Picasso
painting715.jpg,Pierre-Auguste_Renoir
painting716.jpg,Edgar_Degas
painting717.jpg,Edgar_Degas
painting718.jpg,Claude_Monet
painting719.jpg,Pierre-Auguste_Renoir
painting720.jpg,Edgar_Degas
painting721.jpg,Marc_Chagall
painting722.jpg,Joan_Miro
painting723.jpg,Francisco_Goya
painting724.jpg,Vincent_van_Gogh
painting725.jpg,Marc_Chagall
painting726.jpg,Albrecht_Du_rer
painting727.jpg,Pablo_Picasso
painting728.jpg,Francisco_Goya
painting729.jpg,Pablo_Picasso
painting730.jpg,Edgar_Degas
painting731.jpg,Marc_Chagall
painting732.jpg,Vincent_van_Gogh
painting733.jpg,Pierre-Auguste_Renoir
painting734.jpg,Pierre-Auguste_Renoir
painting735.jpg,Leonardo_da_Vinci
painting736.jpg,Edouard_Manet
painting737.jpg,Vincent_van_Gogh
painting738.jpg,Rembrandt
painting739.jpg,Francisco_Goya
painting740.jpg,Pablo_Picasso
painting741.jpg,Vincent_van_Gogh
painting742.jpg,Pierre-Auguste_Renoir
painting743.jpg,Vincent_van_Gogh
painting744.jpg,Andy_Warhol
painting745.jpg,Andy_Warhol
painting746.jpg,Edouard_Manet
painting747.jpg,Francisco_Goya
painting748.jpg,Pablo_Picasso
painting749.jpg,Vincent_van_Gogh
painting750.jpg,Marc_Chagall
painting751.jpg,Rembrandt
painting752.jpg,Edgar_Degas
painting753.jpg,Edgar_Degas
painting754.jpg,Edouard_Manet
painting755.jpg,Pierre-Auguste_Renoir
painting756.jpg,Vincent_van_Gogh
painting757.jpg,Vincent_van_Gogh
painting758.jpg,Edgar_Degas
painting759.jpg,Edgar_Degas
painting760.jpg,Pierre-Auguste_Renoir
painting761.jpg,Francisco_Goya
painting762.jpg,Leonardo_da_Vinci
painting763.jpg,Rembrandt
painting764.jpg,Edgar_Degas
painting765.jpg,Edgar_Degas
painting766.jpg,Francisco_Goya
painting767.jpg,Albrecht_Du_rer
painting768.jpg,Vincent_van_Gogh
painting769.jpg,Vincent_van_Gogh
painting770.jpg,Jackson_Pollock
painting771.jpg,Vincent_van_Gogh
painting772.jpg,Edgar_Degas
painting773.jpg,Edgar_Degas
painting774.jpg,Edgar_Degas
painting775.jpg,Vincent_van_Gogh
painting776.jpg,Albrecht_Du_rer
painting777.jpg,Pablo_Picasso
painting778.jpg,Albrecht_Du_rer
painting779.jpg,Vincent_van_Gogh
painting780.jpg,Pierre-Auguste_Renoir
painting781.jpg,Edgar_Degas
painting782.jpg,Albrecht_Du_rer
painting783.jpg,Andy_Warhol
painting784.jpg,Andy_Warhol
painting785.jpg,Pierre-Auguste_Renoir
painting786.jpg,Rembrandt
painting787.jpg,Pablo_Picasso
painting788.jpg,Pablo_Picasso
painting789.jpg,Claude_Monet
painting790.jpg,Vincent_van_Gogh
painting791.jpg,Pierre-Auguste_Renoir
painting792.jpg,Pierre-Auguste_Renoir
painting793.jpg,Pablo_Picasso
painting794.jpg,Vincent_van_Gogh
painting795.jpg,Pablo_Picasso
painting796.jpg,Vincent_van_Gogh
painting797.jpg,Andy_Warhol
painting798.jpg,Pablo_Picasso
painting799.jpg,Pablo_Picasso
painting800.jpg,Pablo_Picasso
painting801.jpg,Edgar_Degas
painting802.jpg,Edgar_Degas
painting803.jpg,Pierre-Auguste_Renoir
painting804.jpg,Edgar_Degas
painting805.jpg,Edgar_Degas
painting806.jpg,Pablo_Picasso
painting807.jpg,Vincent_van_Gogh
painting808.jpg,Rembrandt
painting809.jpg,Vincent_van_Gogh
painting810.jpg,Albrecht_Du_rer
painting811.jpg,Pablo_Picasso
painting812.jpg,Edgar_Degas
painting813.jpg,Leonardo_da_Vinci
painting814.jpg,Rembrandt
painting815.jpg,Pablo_Picasso
painting816.jpg,Vincent_van_Gogh
painting817.jpg,Edgar_Degas
painting818.jpg,Vincent_van_Gogh
painting819.jpg,Vincent_van_Gogh
painting820.jpg,Francisco_Goya
painting821.jpg,Albrecht_Du_rer
painting822.jpg,Francisco_Goya
painting823.jpg,Pierre-Auguste_Renoir
painting824.jpg,Pablo_Picasso
painting825.jpg,Vincent_van_Gogh
painting826.jpg,Vincent_van_Gogh
painting827.jpg,Vincent_van_Gogh
painting828.jpg,Edgar_Degas
painting829.jpg,Vincent_van_Gogh
painting830.jpg,Francisco_Goya
painting831.jpg,Pierre-Auguste_Renoir
painting832.jpg,Leonardo_da_Vinci
painting833.jpg,Vincent_van_Gogh
